{
  "game" : {
    "partyname" : "",
    "mapNo" : 0,
    "size" : "small",
    "map" : {
      "activePlayer_id" : 1,
      "moves" : 10
    },
    "player1" : {
      "name" : "Sascha",
      "id" : 1,
      "posx" : 31.29479982151313,
      "posy" : 7.060561876259509
    },
    "player2" : {
      "name" : "Yue",
      "id" : 2,
      "posx" : 88.18413522665605,
      "posy" : 9.849418998417473
    },
    "tank" : {
      "life1" : 100,
      "angle1" : 30,
      "life2" : 100,
      "angle2" : 150
    }
  }
}