{
  "game" : {
    "partyname" : "",
    "mapNo" : 0,
    "size" : "small",
    "map" : {
      "activePlayer_id" : 1,
      "moves" : 10
    },
    "player1" : {
      "name" : "Sascha",
      "id" : 1,
      "posx" : 18.13200438134757,
      "posy" : 11.853818523890908
    },
    "player2" : {
      "name" : "Yue",
      "id" : 2,
      "posx" : 78.7142280411739,
      "posy" : 11.999239533237887
    },
    "tank" : {
      "life1" : 100,
      "angle1" : 30,
      "life2" : 100,
      "angle2" : 150
    }
  }
}