{
  "game" : {
    "partyname" : "",
    "mapNo" : 0,
    "size" : "small",
    "map" : {
      "activePlayer_id" : 1,
      "moves" : 10
    },
    "player1" : {
      "name" : "Sascha",
      "id" : 1,
      "posx" : 19.441234118249838,
      "posy" : 11.655595311718841
    },
    "player2" : {
      "name" : "Yue",
      "id" : 2,
      "posx" : 85.94801907846681,
      "posy" : 10.689576047981902
    },
    "tank" : {
      "life1" : 100,
      "angle1" : 30,
      "life2" : 100,
      "angle2" : 150
    }
  }
}