{
  "game" : {
    "partyname" : "",
    "mapNo" : 0,
    "size" : "small",
    "map" : {
      "activePlayer_id" : 1,
      "moves" : 5
    },
    "player1" : {
      "name" : "Sascha",
      "id" : 1,
      "posx" : 26.962038687941188,
      "posy" : 9.154043845312778
    },
    "player2" : {
      "name" : "Yue",
      "id" : 2,
      "posx" : 62.98088671371944,
      "posy" : 7.074514062500626
    },
    "tank" : {
      "life1" : 100,
      "angle1" : 30,
      "life2" : 100,
      "angle2" : 150
    }
  }
}