{
  "game" : {
    "partyname" : "",
    "mapNo" : 0,
    "size" : "small",
    "map" : {
      "activePlayer_id" : 1,
      "moves" : 10
    },
    "player1" : {
      "name" : "Sascha",
      "id" : 1,
      "posx" : 35.48297839624915,
      "posy" : 5.022072863261329
    },
    "player2" : {
      "name" : "Yue",
      "id" : 2,
      "posx" : 77.33026075098671,
      "posy" : 11.9634689527295
    },
    "tank" : {
      "life1" : 100,
      "angle1" : 30,
      "life2" : 100,
      "angle2" : 150
    }
  }
}