{
  "game" : {
    "partyname" : "",
    "mapNo" : 0,
    "size" : "small",
    "map" : {
      "activePlayer_id" : 1,
      "moves" : 10
    },
    "player1" : {
      "name" : "Sascha",
      "id" : 1,
      "posx" : 15.731408794549239,
      "posy" : 11.999986257688356
    },
    "player2" : {
      "name" : "Yue",
      "id" : 2,
      "posx" : 82.1795842550232,
      "posy" : 11.672442528250926
    },
    "tank" : {
      "life1" : 100,
      "angle1" : 30,
      "life2" : 100,
      "angle2" : 150
    }
  }
}