{
  "game" : {
    "partyname" : "",
    "mapNo" : 0,
    "size" : "small",
    "map" : {
      "activePlayer_id" : 1,
      "moves" : 10
    },
    "player1" : {
      "name" : "Sascha",
      "id" : 1,
      "posx" : 20.725837470544704,
      "posy" : 11.383621127723838
    },
    "player2" : {
      "name" : "Yue",
      "id" : 2,
      "posx" : 82.67009661415634,
      "posy" : 11.579548100816499
    },
    "tank" : {
      "life1" : 100,
      "angle1" : 30,
      "life2" : 100,
      "angle2" : 150
    }
  }
}