{
  "game" : {
    "partyname" : "",
    "mapNo" : 0,
    "size" : "small",
    "map" : {
      "activePlayer_id" : 1,
      "moves" : 10
    },
    "player1" : {
      "name" : "Sascha",
      "id" : 1,
      "posx" : 17.728360837102063,
      "posy" : 11.898296510725242
    },
    "player2" : {
      "name" : "Yue",
      "id" : 2,
      "posx" : 75.79625133712237,
      "posy" : 11.812998693663296
    },
    "tank" : {
      "life1" : 100,
      "angle1" : 30,
      "life2" : 100,
      "angle2" : 150
    }
  }
}