{
  "game" : {
    "partyname" : "",
    "mapNo" : 0,
    "size" : "small",
    "map" : {
      "activePlayer_id" : 2,
      "moves" : 3
    },
    "player1" : {
      "name" : "Sascha",
      "id" : 1,
      "posx" : 10.693311861423627,
      "posy" : 11.384395971848607
    },
    "player2" : {
      "name" : "Yue",
      "id" : 2,
      "posx" : 70.6993173904338,
      "posy" : 10.54029753987006
    },
    "tank" : {
      "life1" : 100,
      "angle1" : 30,
      "life2" : 100,
      "angle2" : 150
    }
  }
}