{
  "game" : {
    "partyname" : "",
    "mapNo" : 0,
    "size" : "small",
    "map" : {
      "activePlayer_id" : 1,
      "moves" : 6
    },
    "player1" : {
      "name" : "Sascha",
      "id" : 1,
      "posx" : 17.80601480204774,
      "posy" : 11.890357569294935
    },
    "player2" : {
      "name" : "Yue",
      "id" : 2,
      "posx" : 78.39817261763446,
      "posy" : 11.999498434785481
    },
    "tank" : {
      "life1" : 100,
      "angle1" : 30,
      "life2" : 100,
      "angle2" : 150
    }
  }
}