{
  "game" : {
    "partyname" : "",
    "mapNo" : 0,
    "size" : "small",
    "map" : {
      "activePlayer_id" : 1,
      "moves" : 10
    },
    "player1" : {
      "name" : "Sascha",
      "id" : 1,
      "posx" : 19.02954349284926,
      "posy" : 11.726704245202598
    },
    "player2" : {
      "name" : "Yue",
      "id" : 2,
      "posx" : 78.34881498151488,
      "posy" : 11.99908798975563
    },
    "tank" : {
      "life1" : 100,
      "angle1" : 30,
      "life2" : 100,
      "angle2" : 150
    }
  }
}