{
  "game" : {
    "partyname" : "",
    "mapNo" : 0,
    "size" : "small",
    "map" : {
      "activePlayer_id" : 1,
      "moves" : 10
    },
    "player1" : {
      "name" : "Sascha",
      "id" : 1,
      "posx" : 34.884153490554525,
      "posy" : 5.300442957615902
    },
    "player2" : {
      "name" : "Yue",
      "id" : 2,
      "posx" : 81.39452046988707,
      "posy" : 11.79764643178574
    },
    "tank" : {
      "life1" : 100,
      "angle1" : 30,
      "life2" : 100,
      "angle2" : 150
    }
  }
}