{
  "game" : {
    "partyname" : "",
    "mapNo" : 0,
    "size" : "small",
    "map" : {
      "activePlayer_id" : 1,
      "moves" : 10
    },
    "player1" : {
      "name" : "Sascha",
      "id" : 1,
      "posx" : 16.028758663286663,
      "posy" : 11.99742747848409
    },
    "player2" : {
      "name" : "Yue",
      "id" : 2,
      "posx" : 79.66703387930184,
      "posy" : 11.968268136087332
    },
    "tank" : {
      "life1" : 100,
      "angle1" : 30,
      "life2" : 100,
      "angle2" : 150
    }
  }
}