{
  "game" : {
    "partyname" : "",
    "mapNo" : 0,
    "size" : "small",
    "map" : {
      "activePlayer_id" : 1,
      "moves" : 10
    },
    "player1" : {
      "name" : "Sascha",
      "id" : 1,
      "posx" : 16.06312607321039,
      "posy" : 11.99684681601869
    },
    "player2" : {
      "name" : "Yue",
      "id" : 2,
      "posx" : 78.33685114204413,
      "posy" : 11.998970163567103
    },
    "tank" : {
      "life1" : 100,
      "angle1" : 30,
      "life2" : 100,
      "angle2" : 150
    }
  }
}